filename,pronomina_id,ref
986051-Tri Mumpuni_20210620-170713.txt,M4,M3
986051-Tri Mumpuni_20210620-170713.txt,M12,M3
986051-Tri Mumpuni_20210620-170713.txt,M9,M3
986051-Tri Mumpuni_20210620-170713.txt,M10,M3
986051-Tri Mumpuni_20210620-170713.txt,M15,M3
986051-Tri Mumpuni_20210620-170713.txt,M16,M3
986051-Tri Mumpuni_20210620-170713.txt,M17,M3
986051-Tri Mumpuni_20210620-170713.txt,M19,M3
986051-Tri Mumpuni_20210620-170713.txt,M22,M3
986051-Tri Mumpuni_20210620-170713.txt,M23,M3
986051-Tri Mumpuni_20210620-170713.txt,M25,M3
986051-Tri Mumpuni_20210620-170713.txt,M29,M28
986051-Tri Mumpuni_20210620-170713.txt,M32,M28
986051-Tri Mumpuni_20210620-170713.txt,M33,M28
986051-Tri Mumpuni_20210620-170713.txt,M36,M35
986051-Tri Mumpuni_20210620-170713.txt,M44,M46
986051-Tri Mumpuni_20210620-170713.txt,M47,M45
986051-Tri Mumpuni_20210620-170713.txt,M50,M45
986051-Tri Mumpuni_20210620-170713.txt,M51,M45
986051-Tri Mumpuni_20210620-170713.txt,M52,M45
986051-Tri Mumpuni_20210620-170713.txt,M55,M45
986051-Tri Mumpuni_20210620-170713.txt,M56,M45
986051-Tri Mumpuni_20210620-170713.txt,M58,M57
986051-Tri Mumpuni_20210620-170713.txt,M63,M62
986051-Tri Mumpuni_20210620-170713.txt,M64,M59
986051-Tri Mumpuni_20210620-170713.txt,M66,M65
986051-Tri Mumpuni_20210620-170713.txt,M70,M67
986051-Tri Mumpuni_20210620-170713.txt,M71,M67
2523453-Devanshi (serial TV)_20210621-144053.txt,M14,M13
2523453-Devanshi (serial TV)_20210621-144053.txt,M22,M17;M18
2523453-Devanshi (serial TV)_20210621-144053.txt,M25,M18
2523453-Devanshi (serial TV)_20210621-144053.txt,M27,M18
2523453-Devanshi (serial TV)_20210621-144053.txt,M38,M35
2523453-Devanshi (serial TV)_20210621-144053.txt,M48,M43;M45
2523453-Devanshi (serial TV)_20210621-144053.txt,M53,M43;M45
2523453-Devanshi (serial TV)_20210621-144053.txt,M81,M56
2523453-Devanshi (serial TV)_20210621-144053.txt,M83,M56
2523453-Devanshi (serial TV)_20210621-144053.txt,M95,M91
2523453-Devanshi (serial TV)_20210621-144053.txt,M97,M91
2523453-Devanshi (serial TV)_20210621-144053.txt,M101,M93
2523453-Devanshi (serial TV)_20210621-144053.txt,M105,M91
2523453-Devanshi (serial TV)_20210621-144053.txt,M114,M109
2523453-Devanshi (serial TV)_20210621-144053.txt,M126,M122
2523453-Devanshi (serial TV)_20210621-144053.txt,M150,M148
2523453-Devanshi (serial TV)_20210621-144053.txt,M158,M156
2523453-Devanshi (serial TV)_20210621-144053.txt,M160,M156
2523453-Devanshi (serial TV)_20210621-144053.txt,M24,M156
2523453-Devanshi (serial TV)_20210621-144053.txt,M164,M156
2523453-Devanshi (serial TV)_20210621-144053.txt,M168,M166
2523453-Devanshi (serial TV)_20210621-144053.txt,M173,M172
2523453-Devanshi (serial TV)_20210621-144053.txt,M176,M172
2523453-Devanshi (serial TV)_20210621-144053.txt,M196,M194
2523453-Devanshi (serial TV)_20210621-144053.txt,M200,M198
2523453-Devanshi (serial TV)_20210621-144053.txt,M211,M206
2523453-Devanshi (serial TV)_20210621-144053.txt,M213,M209
2523453-Devanshi (serial TV)_20210621-144053.txt,M221,M219
2523453-Devanshi (serial TV)_20210621-144053.txt,M223,M219
2523453-Devanshi (serial TV)_20210621-144053.txt,M229,M217
2523453-Devanshi (serial TV)_20210621-144053.txt,M235,M231
2523453-Devanshi (serial TV)_20210621-144053.txt,M237,M231;M233
2523453-Devanshi (serial TV)_20210621-144053.txt,M244,M240
2523453-Devanshi (serial TV)_20210621-144053.txt,M248,M240
2523453-Devanshi (serial TV)_20210621-144053.txt,M250,M240
2523453-Devanshi (serial TV)_20210621-144053.txt,M264,M20
2523453-Devanshi (serial TV)_20210621-144053.txt,M270,M268
2523453-Devanshi (serial TV)_20210621-144053.txt,M272,M268
2523453-Devanshi (serial TV)_20210621-144053.txt,M276,M268
2523453-Devanshi (serial TV)_20210621-144053.txt,M278,M268
412469-Aliens in the Attic_20210620-153520.txt,M16,M14
412469-Aliens in the Attic_20210620-153520.txt,M51,M48
412469-Aliens in the Attic_20210620-153520.txt,M53,M50
412469-Aliens in the Attic_20210620-153520.txt,M54,M48
412469-Aliens in the Attic_20210620-153520.txt,M49,M48
412469-Aliens in the Attic_20210620-153520.txt,M57,M55
412469-Aliens in the Attic_20210620-153520.txt,M39,M58
412469-Aliens in the Attic_20210620-153520.txt,M61,M60
412469-Aliens in the Attic_20210620-153520.txt,M62,M60
412469-Aliens in the Attic_20210620-153520.txt,M63,M60
412469-Aliens in the Attic_20210620-153520.txt,M43,M42
412469-Aliens in the Attic_20210620-153520.txt,M47,M40
37414-Ibnu Qayyim Al-Jauziyyah_20210619-230921.txt,M3,M2
37414-Ibnu Qayyim Al-Jauziyyah_20210619-230921.txt,M4,M2
37414-Ibnu Qayyim Al-Jauziyyah_20210619-230921.txt,M6,M2
37414-Ibnu Qayyim Al-Jauziyyah_20210619-230921.txt,M9,M2
37414-Ibnu Qayyim Al-Jauziyyah_20210619-230921.txt,M11,M10
37414-Ibnu Qayyim Al-Jauziyyah_20210619-230921.txt,M13,M12
37414-Ibnu Qayyim Al-Jauziyyah_20210619-230921.txt,M14,M12
37414-Ibnu Qayyim Al-Jauziyyah_20210619-230921.txt,M15,M12
37414-Ibnu Qayyim Al-Jauziyyah_20210619-230921.txt,M17,M12
37414-Ibnu Qayyim Al-Jauziyyah_20210619-230921.txt,M24,M22
37414-Ibnu Qayyim Al-Jauziyyah_20210619-230921.txt,M25,M22
37414-Ibnu Qayyim Al-Jauziyyah_20210619-230921.txt,M26,M22
37414-Ibnu Qayyim Al-Jauziyyah_20210619-230921.txt,M27,M22
37414-Ibnu Qayyim Al-Jauziyyah_20210619-230921.txt,M28,M22
37414-Ibnu Qayyim Al-Jauziyyah_20210619-230921.txt,M29,M22
37414-Ibnu Qayyim Al-Jauziyyah_20210619-230921.txt,M35,M31
37414-Ibnu Qayyim Al-Jauziyyah_20210619-230921.txt,M30,M31
37414-Ibnu Qayyim Al-Jauziyyah_20210619-230921.txt,M33,M31
37414-Ibnu Qayyim Al-Jauziyyah_20210619-230921.txt,M32,M22
37414-Ibnu Qayyim Al-Jauziyyah_20210619-230921.txt,M36,M38
37414-Ibnu Qayyim Al-Jauziyyah_20210619-230921.txt,M34,M22
37414-Ibnu Qayyim Al-Jauziyyah_20210619-230921.txt,M37,M38
37414-Ibnu Qayyim Al-Jauziyyah_20210619-230921.txt,M40,M39
37414-Ibnu Qayyim Al-Jauziyyah_20210619-230921.txt,M41,M22
37414-Ibnu Qayyim Al-Jauziyyah_20210619-230921.txt,M43,M42
37414-Ibnu Qayyim Al-Jauziyyah_20210619-230921.txt,M47,M45
37414-Ibnu Qayyim Al-Jauziyyah_20210619-230921.txt,M48,M45
37414-Ibnu Qayyim Al-Jauziyyah_20210619-230921.txt,M50,M45
37414-Ibnu Qayyim Al-Jauziyyah_20210619-230921.txt,M52,M51
37414-Ibnu Qayyim Al-Jauziyyah_20210619-230921.txt,M55,M53
2400543-Lauren Shuler Donner_20210621-124233.txt,M3,M1
2400543-Lauren Shuler Donner_20210621-124233.txt,M7,M1
2400543-Lauren Shuler Donner_20210621-124233.txt,M6,M1
2400543-Lauren Shuler Donner_20210621-124233.txt,M12,M10
2400543-Lauren Shuler Donner_20210621-124233.txt,M13,M10
2400543-Lauren Shuler Donner_20210621-124233.txt,M14,M10
2400543-Lauren Shuler Donner_20210621-124233.txt,M17,M10
2400543-Lauren Shuler Donner_20210621-124233.txt,M19,M16
2400543-Lauren Shuler Donner_20210621-124233.txt,M20,M16
2400543-Lauren Shuler Donner_20210621-124233.txt,M21,M16
2400543-Lauren Shuler Donner_20210621-124233.txt,M26,M24
2400543-Lauren Shuler Donner_20210621-124233.txt,M27,M24
2400543-Lauren Shuler Donner_20210621-124233.txt,M29,M24
2400543-Lauren Shuler Donner_20210621-124233.txt,M32,M30
2400543-Lauren Shuler Donner_20210621-124233.txt,M38,M36
2400543-Lauren Shuler Donner_20210621-124233.txt,M40,M39
2400543-Lauren Shuler Donner_20210621-124233.txt,M42,M39
2400543-Lauren Shuler Donner_20210621-124233.txt,M46,M39
2400543-Lauren Shuler Donner_20210621-124233.txt,M41,M39
2400543-Lauren Shuler Donner_20210621-124233.txt,M48,M39
2400543-Lauren Shuler Donner_20210621-124233.txt,M54,M55
2400543-Lauren Shuler Donner_20210621-124233.txt,M56,M51
2400543-Lauren Shuler Donner_20210621-124233.txt,M58,M51
2400543-Lauren Shuler Donner_20210621-124233.txt,M63,M51
2400543-Lauren Shuler Donner_20210621-124233.txt,M66,M51
2400543-Lauren Shuler Donner_20210621-124233.txt,M69,M51;M59
2400543-Lauren Shuler Donner_20210621-124233.txt,M70,M51
2400543-Lauren Shuler Donner_20210621-124233.txt,M71,M51
2400543-Lauren Shuler Donner_20210621-124233.txt,M73,M59
2400543-Lauren Shuler Donner_20210621-124233.txt,M72,M51
2400543-Lauren Shuler Donner_20210621-124233.txt,M76,M74;M75
2400543-Lauren Shuler Donner_20210621-124233.txt,M77,M51
2400543-Lauren Shuler Donner_20210621-124233.txt,M80,M78;M79
2400543-Lauren Shuler Donner_20210621-124233.txt,M81,M51
2400543-Lauren Shuler Donner_20210621-124233.txt,M84,M83
2400543-Lauren Shuler Donner_20210621-124233.txt,M86,M85
2400543-Lauren Shuler Donner_20210621-124233.txt,M87,M85
2400543-Lauren Shuler Donner_20210621-124233.txt,M88,M85
2400543-Lauren Shuler Donner_20210621-124233.txt,M89,M85
2400543-Lauren Shuler Donner_20210621-124233.txt,M92,M90
984935-John Foster Dulles_20210620-170037.txt,M3,M1
984935-John Foster Dulles_20210620-170037.txt,M12,M6
984935-John Foster Dulles_20210620-170037.txt,M15,M6
984935-John Foster Dulles_20210620-170037.txt,M19,M6
984935-John Foster Dulles_20210620-170037.txt,M23,M21
984935-John Foster Dulles_20210620-170037.txt,M29,M27
984935-John Foster Dulles_20210620-170037.txt,M35,M34
984935-John Foster Dulles_20210620-170037.txt,M36,M34
984935-John Foster Dulles_20210620-170037.txt,M39,M37
984935-John Foster Dulles_20210620-170037.txt,M42,M43
984935-John Foster Dulles_20210620-170037.txt,M45,M44
984935-John Foster Dulles_20210620-170037.txt,M46,M43
984935-John Foster Dulles_20210620-170037.txt,M47,M43
984935-John Foster Dulles_20210620-170037.txt,M48,M43
984935-John Foster Dulles_20210620-170037.txt,M49,M43
984935-John Foster Dulles_20210620-170037.txt,M51,M50
984935-John Foster Dulles_20210620-170037.txt,M52,M50
984935-John Foster Dulles_20210620-170037.txt,M54,M50
984935-John Foster Dulles_20210620-170037.txt,M58,M61
984935-John Foster Dulles_20210620-170037.txt,M60,M50
984935-John Foster Dulles_20210620-170037.txt,M66,M50
984935-John Foster Dulles_20210620-170037.txt,M88,M65
984935-John Foster Dulles_20210620-170037.txt,M71,M20;M65
984935-John Foster Dulles_20210620-170037.txt,M77,M76
984935-John Foster Dulles_20210620-170037.txt,M83,M76
984935-John Foster Dulles_20210620-170037.txt,M130,M76
984935-John Foster Dulles_20210620-170037.txt,M99,M76
984935-John Foster Dulles_20210620-170037.txt,M106,M76
984935-John Foster Dulles_20210620-170037.txt,M108,M103
984935-John Foster Dulles_20210620-170037.txt,M110,M103
984935-John Foster Dulles_20210620-170037.txt,M81,M86
984935-John Foster Dulles_20210620-170037.txt,M84,M112
984935-John Foster Dulles_20210620-170037.txt,M90,M86;M112
984935-John Foster Dulles_20210620-170037.txt,M102,M96
984935-John Foster Dulles_20210620-170037.txt,M111,M86;M112
984935-John Foster Dulles_20210620-170037.txt,M127,M86;M112
2113526-Mustafa Dzhemilev_20210621-120635.txt,M4,M1
2113526-Mustafa Dzhemilev_20210621-120635.txt,M7,M32
2113526-Mustafa Dzhemilev_20210621-120635.txt,M8,M32
2113526-Mustafa Dzhemilev_20210621-120635.txt,M10,M9
2113526-Mustafa Dzhemilev_20210621-120635.txt,M12,M11
2113526-Mustafa Dzhemilev_20210621-120635.txt,M13,M11
2113526-Mustafa Dzhemilev_20210621-120635.txt,M14,M11
2113526-Mustafa Dzhemilev_20210621-120635.txt,M29,M11
2113526-Mustafa Dzhemilev_20210621-120635.txt,M15,M11
2113526-Mustafa Dzhemilev_20210621-120635.txt,M17,M11
2113526-Mustafa Dzhemilev_20210621-120635.txt,M18,M11
2113526-Mustafa Dzhemilev_20210621-120635.txt,M20,M19
2113526-Mustafa Dzhemilev_20210621-120635.txt,M21,M19
2113526-Mustafa Dzhemilev_20210621-120635.txt,M22,M43
2113526-Mustafa Dzhemilev_20210621-120635.txt,M24,M23
2113526-Mustafa Dzhemilev_20210621-120635.txt,M26,M25
2113526-Mustafa Dzhemilev_20210621-120635.txt,M28,M27
2616571-Sweetener (album)_20210621-145015.txt,M5,M7
2616571-Sweetener (album)_20210621-145015.txt,M8,M6
2616571-Sweetener (album)_20210621-145015.txt,M9,M6
2616571-Sweetener (album)_20210621-145015.txt,M10,M6
2616571-Sweetener (album)_20210621-145015.txt,M11,M6
2616571-Sweetener (album)_20210621-145015.txt,M12,M6
2616571-Sweetener (album)_20210621-145015.txt,M13,M6
2616571-Sweetener (album)_20210621-145015.txt,M14,M6
2616571-Sweetener (album)_20210621-145015.txt,M15,M17
2616571-Sweetener (album)_20210621-145015.txt,M16,M6
2616571-Sweetener (album)_20210621-145015.txt,M18,M6
2616571-Sweetener (album)_20210621-145015.txt,M19,M6
2616571-Sweetener (album)_20210621-145015.txt,M23,M25
2616571-Sweetener (album)_20210621-145015.txt,M24,M29;M30;M31
2616571-Sweetener (album)_20210621-145015.txt,M26,M29;M30;M31
2616571-Sweetener (album)_20210621-145015.txt,M28,M27
2616571-Sweetener (album)_20210621-145015.txt,M34,M33
2616571-Sweetener (album)_20210621-145015.txt,M35,M37
2616571-Sweetener (album)_20210621-145015.txt,M40,M42
2616571-Sweetener (album)_20210621-145015.txt,M41,M42
2616571-Sweetener (album)_20210621-145015.txt,M43,M42
2616571-Sweetener (album)_20210621-145015.txt,M44,M42
2616571-Sweetener (album)_20210621-145015.txt,M48,M46
2616571-Sweetener (album)_20210621-145015.txt,M50,M46
2616571-Sweetener (album)_20210621-145015.txt,M52,M54
2616571-Sweetener (album)_20210621-145015.txt,M55,M53
2616571-Sweetener (album)_20210621-145015.txt,M56,M53
2616571-Sweetener (album)_20210621-145015.txt,M57,M53
2616571-Sweetener (album)_20210621-145015.txt,M58,M53
710674-Ahazia (raja Yehuda)_20210620-162901.txt,M1,M3
710674-Ahazia (raja Yehuda)_20210620-162901.txt,M5,M3
710674-Ahazia (raja Yehuda)_20210620-162901.txt,M6,M3
710674-Ahazia (raja Yehuda)_20210620-162901.txt,M7,M3
710674-Ahazia (raja Yehuda)_20210620-162901.txt,M8,M3
710674-Ahazia (raja Yehuda)_20210620-162901.txt,M10,M3
710674-Ahazia (raja Yehuda)_20210620-162901.txt,M13,M3
710674-Ahazia (raja Yehuda)_20210620-162901.txt,M20,M22
710674-Ahazia (raja Yehuda)_20210620-162901.txt,M17,M22
710674-Ahazia (raja Yehuda)_20210620-162901.txt,M19,M22
710674-Ahazia (raja Yehuda)_20210620-162901.txt,M21,M26
710674-Ahazia (raja Yehuda)_20210620-162901.txt,M23,M26
710674-Ahazia (raja Yehuda)_20210620-162901.txt,M24,M22
710674-Ahazia (raja Yehuda)_20210620-162901.txt,M27,M31
710674-Ahazia (raja Yehuda)_20210620-162901.txt,M28,M33
710674-Ahazia (raja Yehuda)_20210620-162901.txt,M32,M35
710674-Ahazia (raja Yehuda)_20210620-162901.txt,M34,M36;M38
710674-Ahazia (raja Yehuda)_20210620-162901.txt,M37,M36;M38
710674-Ahazia (raja Yehuda)_20210620-162901.txt,M39,M41
710674-Ahazia (raja Yehuda)_20210620-162901.txt,M40,M43
710674-Ahazia (raja Yehuda)_20210620-162901.txt,M42,M45
710674-Ahazia (raja Yehuda)_20210620-162901.txt,M44,M45
710674-Ahazia (raja Yehuda)_20210620-162901.txt,M46,M48
710674-Ahazia (raja Yehuda)_20210620-162901.txt,M47,M48
710674-Ahazia (raja Yehuda)_20210620-162901.txt,M49,M50;M52
710674-Ahazia (raja Yehuda)_20210620-162901.txt,M51,M48
710674-Ahazia (raja Yehuda)_20210620-162901.txt,M53,M48
710674-Ahazia (raja Yehuda)_20210620-162901.txt,M54,M56
710674-Ahazia (raja Yehuda)_20210620-162901.txt,M55,M57;M59
710674-Ahazia (raja Yehuda)_20210620-162901.txt,M58,M56
710674-Ahazia (raja Yehuda)_20210620-162901.txt,M60,M62
710674-Ahazia (raja Yehuda)_20210620-162901.txt,M61,M62
710674-Ahazia (raja Yehuda)_20210620-162901.txt,M63,M69
710674-Ahazia (raja Yehuda)_20210620-162901.txt,M64,M66
710674-Ahazia (raja Yehuda)_20210620-162901.txt,M65,M69
710674-Ahazia (raja Yehuda)_20210620-162901.txt,M67,M70
710674-Ahazia (raja Yehuda)_20210620-162901.txt,M68,M70
710674-Ahazia (raja Yehuda)_20210620-162901.txt,M71,M73
710674-Ahazia (raja Yehuda)_20210620-162901.txt,M74,M73
710674-Ahazia (raja Yehuda)_20210620-162901.txt,M75,M78
710674-Ahazia (raja Yehuda)_20210620-162901.txt,M77,M78
710674-Ahazia (raja Yehuda)_20210620-162901.txt,M79,M78
710674-Ahazia (raja Yehuda)_20210620-162901.txt,M80,M76
710674-Ahazia (raja Yehuda)_20210620-162901.txt,M81,M83
710674-Ahazia (raja Yehuda)_20210620-162901.txt,M82,M83
710674-Ahazia (raja Yehuda)_20210620-162901.txt,M84,M83
2470331-Serf_20210621-141835.txt,M4,M3
2470331-Serf_20210621-141835.txt,M6,M5
2470331-Serf_20210621-141835.txt,M8,M7
2470331-Serf_20210621-141835.txt,M10,M9
2470331-Serf_20210621-141835.txt,M12,M11
2470331-Serf_20210621-141835.txt,M14,M13
2470331-Serf_20210621-141835.txt,M16,M15
2470331-Serf_20210621-141835.txt,M18,M17
983212-Endou Mamoru_20210620-165302.txt,M2,M1
983212-Endou Mamoru_20210620-165302.txt,M3,M1
983212-Endou Mamoru_20210620-165302.txt,M4,M1
983212-Endou Mamoru_20210620-165302.txt,M20,M1
983212-Endou Mamoru_20210620-165302.txt,M21,M1
983212-Endou Mamoru_20210620-165302.txt,M7,M1
983212-Endou Mamoru_20210620-165302.txt,M5,M8
983212-Endou Mamoru_20210620-165302.txt,M6,M8
983212-Endou Mamoru_20210620-165302.txt,M10,M8;M12
983212-Endou Mamoru_20210620-165302.txt,M11,M15;M16
983212-Endou Mamoru_20210620-165302.txt,M13,M17
983212-Endou Mamoru_20210620-165302.txt,M19,M17
983212-Endou Mamoru_20210620-165302.txt,M22,M24
983212-Endou Mamoru_20210620-165302.txt,M23,M24
983212-Endou Mamoru_20210620-165302.txt,M25,M24
983212-Endou Mamoru_20210620-165302.txt,M26,M24
983212-Endou Mamoru_20210620-165302.txt,M27,M24
983212-Endou Mamoru_20210620-165302.txt,M28,M24
983212-Endou Mamoru_20210620-165302.txt,M29,M31
983212-Endou Mamoru_20210620-165302.txt,M30,M31
983212-Endou Mamoru_20210620-165302.txt,M32,M34
983212-Endou Mamoru_20210620-165302.txt,M33,M36
983212-Endou Mamoru_20210620-165302.txt,M35,M36;M37
983212-Endou Mamoru_20210620-165302.txt,M38,M40
983212-Endou Mamoru_20210620-165302.txt,M39,M40
983212-Endou Mamoru_20210620-165302.txt,M43,M44
983212-Endou Mamoru_20210620-165302.txt,M41,M42;M44
983212-Endou Mamoru_20210620-165302.txt,M45,M47;M48
983212-Endou Mamoru_20210620-165302.txt,M46,M51;M52
983212-Endou Mamoru_20210620-165302.txt,M49,M53;M54
983212-Endou Mamoru_20210620-165302.txt,M50,M56
983212-Endou Mamoru_20210620-165302.txt,M57,M60
983212-Endou Mamoru_20210620-165302.txt,M55,M58
983212-Endou Mamoru_20210620-165302.txt,M59,M62
983212-Endou Mamoru_20210620-165302.txt,M61,M64
983212-Endou Mamoru_20210620-165302.txt,M63,M66
983212-Endou Mamoru_20210620-165302.txt,M65,M68
983212-Endou Mamoru_20210620-165302.txt,M67,M70
983212-Endou Mamoru_20210620-165302.txt,M69,M72
915223-Katniss Everdeen_20210620-164923.txt,M2,M1
915223-Katniss Everdeen_20210620-164923.txt,M5,M4
915223-Katniss Everdeen_20210620-164923.txt,M9,M4
915223-Katniss Everdeen_20210620-164923.txt,M10,M12
915223-Katniss Everdeen_20210620-164923.txt,M11,M12
915223-Katniss Everdeen_20210620-164923.txt,M13,M12
915223-Katniss Everdeen_20210620-164923.txt,M14,M12
915223-Katniss Everdeen_20210620-164923.txt,M15,M12
915223-Katniss Everdeen_20210620-164923.txt,M16,M12
915223-Katniss Everdeen_20210620-164923.txt,M17,M19
915223-Katniss Everdeen_20210620-164923.txt,M18,M21
915223-Katniss Everdeen_20210620-164923.txt,M20,M21
915223-Katniss Everdeen_20210620-164923.txt,M22,M21
915223-Katniss Everdeen_20210620-164923.txt,M23,M25
915223-Katniss Everdeen_20210620-164923.txt,M24,M27
915223-Katniss Everdeen_20210620-164923.txt,M30,M29
915223-Katniss Everdeen_20210620-164923.txt,M32,M35
915223-Katniss Everdeen_20210620-164923.txt,M34,M37;M38
915223-Katniss Everdeen_20210620-164923.txt,M36,M38
915223-Katniss Everdeen_20210620-164923.txt,M39,M38
915223-Katniss Everdeen_20210620-164923.txt,M40,M42;M43
915223-Katniss Everdeen_20210620-164923.txt,M41,M42;M43
915223-Katniss Everdeen_20210620-164923.txt,M48,M50
915223-Katniss Everdeen_20210620-164923.txt,M51,M54
915223-Katniss Everdeen_20210620-164923.txt,M53,M54;M57
1869924-Khalid Bakdash_20210621-115920.txt,M4,M6
1869924-Khalid Bakdash_20210621-115920.txt,M5,M6
1869924-Khalid Bakdash_20210621-115920.txt,M7,M6
1869924-Khalid Bakdash_20210621-115920.txt,M8,M6
1869924-Khalid Bakdash_20210621-115920.txt,M35,M11
1869924-Khalid Bakdash_20210621-115920.txt,M9,M11
1869924-Khalid Bakdash_20210621-115920.txt,M10,M14
1869924-Khalid Bakdash_20210621-115920.txt,M12,M14;M15
1869924-Khalid Bakdash_20210621-115920.txt,M13,M17
1869924-Khalid Bakdash_20210621-115920.txt,M16,M38
1869924-Khalid Bakdash_20210621-115920.txt,M18,M21
1869924-Khalid Bakdash_20210621-115920.txt,M22,M25
1869924-Khalid Bakdash_20210621-115920.txt,M24,M27
1869924-Khalid Bakdash_20210621-115920.txt,M26,M29
1869924-Khalid Bakdash_20210621-115920.txt,M28,M31
1869924-Khalid Bakdash_20210621-115920.txt,M30,M40
1837313-Sofia Hellqvist_20210621-114822.txt,M4,M6
1837313-Sofia Hellqvist_20210621-114822.txt,M5,M8
1837313-Sofia Hellqvist_20210621-114822.txt,M11,M13
1837313-Sofia Hellqvist_20210621-114822.txt,M12,M15
1837313-Sofia Hellqvist_20210621-114822.txt,M14,M15
1837313-Sofia Hellqvist_20210621-114822.txt,M17,M16
1837313-Sofia Hellqvist_20210621-114822.txt,M68,M20
1837313-Sofia Hellqvist_20210621-114822.txt,M18,M20
1837313-Sofia Hellqvist_20210621-114822.txt,M19,M22
1837313-Sofia Hellqvist_20210621-114822.txt,M21,M22
1837313-Sofia Hellqvist_20210621-114822.txt,M26,M27;M29
1837313-Sofia Hellqvist_20210621-114822.txt,M28,M32;M33
1837313-Sofia Hellqvist_20210621-114822.txt,M30,M35;M36
1837313-Sofia Hellqvist_20210621-114822.txt,M43,M45
1837313-Sofia Hellqvist_20210621-114822.txt,M44,M45
1837313-Sofia Hellqvist_20210621-114822.txt,M46,M49;M50
1837313-Sofia Hellqvist_20210621-114822.txt,M52,M49;M50
1837313-Sofia Hellqvist_20210621-114822.txt,M47,M49;M50
1837313-Sofia Hellqvist_20210621-114822.txt,M51,M49;M50
1837313-Sofia Hellqvist_20210621-114822.txt,M48,M49;M50
1837313-Sofia Hellqvist_20210621-114822.txt,M55,M56;M58
1837313-Sofia Hellqvist_20210621-114822.txt,M53,M56;M58
1837313-Sofia Hellqvist_20210621-114822.txt,M54,M56;M58
1837313-Sofia Hellqvist_20210621-114822.txt,M62,M64
143843-Alu Alkhanov_20210620-140920.txt,M3,M1
143843-Alu Alkhanov_20210620-140920.txt,M4,M1
143843-Alu Alkhanov_20210620-140920.txt,M6,M5
143843-Alu Alkhanov_20210620-140920.txt,M7,M5
143843-Alu Alkhanov_20210620-140920.txt,M8,M5
143843-Alu Alkhanov_20210620-140920.txt,M9,M5
143843-Alu Alkhanov_20210620-140920.txt,M11,M10
143843-Alu Alkhanov_20210620-140920.txt,M12,M10
143843-Alu Alkhanov_20210620-140920.txt,M14,M13
143843-Alu Alkhanov_20210620-140920.txt,M15,M13
143843-Alu Alkhanov_20210620-140920.txt,M16,M13
143843-Alu Alkhanov_20210620-140920.txt,M20,M19
143843-Alu Alkhanov_20210620-140920.txt,M23,M21
143843-Alu Alkhanov_20210620-140920.txt,M25,M24
1071075-Ojakgyo Family_20210620-221531.txt,M15,M10
1071075-Ojakgyo Family_20210620-221531.txt,M30,M10;M16;M19;M23;M27;M31
1071075-Ojakgyo Family_20210620-221531.txt,M49,M48;M138
1071075-Ojakgyo Family_20210620-221531.txt,M47,M52
1071075-Ojakgyo Family_20210620-221531.txt,M60,M139;M140
1071075-Ojakgyo Family_20210620-221531.txt,M45,M19;M23;M57;M58;M61;M138
1071075-Ojakgyo Family_20210620-221531.txt,M67,M65
1071075-Ojakgyo Family_20210620-221531.txt,M68,M65
1071075-Ojakgyo Family_20210620-221531.txt,M71,M69;M70
1071075-Ojakgyo Family_20210620-221531.txt,M79,M78
1071075-Ojakgyo Family_20210620-221531.txt,M82,M78
1071075-Ojakgyo Family_20210620-221531.txt,M84,M78
1071075-Ojakgyo Family_20210620-221531.txt,M83,M78
1071075-Ojakgyo Family_20210620-221531.txt,M85,M78
1071075-Ojakgyo Family_20210620-221531.txt,M87,M78
1071075-Ojakgyo Family_20210620-221531.txt,M88,M78
1071075-Ojakgyo Family_20210620-221531.txt,M91,M90
1071075-Ojakgyo Family_20210620-221531.txt,M92,M90
1071075-Ojakgyo Family_20210620-221531.txt,M93,M90
1071075-Ojakgyo Family_20210620-221531.txt,M105,M103
1071075-Ojakgyo Family_20210620-221531.txt,M108,M106
1071075-Ojakgyo Family_20210620-221531.txt,M109,M106
1071075-Ojakgyo Family_20210620-221531.txt,M110,M106
1071075-Ojakgyo Family_20210620-221531.txt,M113,M106
1071075-Ojakgyo Family_20210620-221531.txt,M112,M106
1071075-Ojakgyo Family_20210620-221531.txt,M114,M106
1071075-Ojakgyo Family_20210620-221531.txt,M115,M106
1071075-Ojakgyo Family_20210620-221531.txt,M119,M118
1071075-Ojakgyo Family_20210620-221531.txt,M132,M130;M131
1435973-I Can Hear Your Voice_20210621-104223.txt,M6,M5
1435973-I Can Hear Your Voice_20210621-104223.txt,M34,M5
1435973-I Can Hear Your Voice_20210621-104223.txt,M35,M5
1435973-I Can Hear Your Voice_20210621-104223.txt,M37,M7
1435973-I Can Hear Your Voice_20210621-104223.txt,M9,M7
1435973-I Can Hear Your Voice_20210621-104223.txt,M39,M10
1435973-I Can Hear Your Voice_20210621-104223.txt,M41,M40
1435973-I Can Hear Your Voice_20210621-104223.txt,M42,M40
1435973-I Can Hear Your Voice_20210621-104223.txt,M13,M12
1435973-I Can Hear Your Voice_20210621-104223.txt,M51,M49
1435973-I Can Hear Your Voice_20210621-104223.txt,M54,M49
1435973-I Can Hear Your Voice_20210621-104223.txt,M56,M55
1435973-I Can Hear Your Voice_20210621-104223.txt,M59,M57
1435973-I Can Hear Your Voice_20210621-104223.txt,M64,M63
1435973-I Can Hear Your Voice_20210621-104223.txt,M68,M70
1435973-I Can Hear Your Voice_20210621-104223.txt,M16,M14
1435973-I Can Hear Your Voice_20210621-104223.txt,M80,M79
1435973-I Can Hear Your Voice_20210621-104223.txt,M82,M79
1435973-I Can Hear Your Voice_20210621-104223.txt,M88,M86
1435973-I Can Hear Your Voice_20210621-104223.txt,M18,M15;M17
1435973-I Can Hear Your Voice_20210621-104223.txt,M20,M19
1435973-I Can Hear Your Voice_20210621-104223.txt,M95,M94
1435973-I Can Hear Your Voice_20210621-104223.txt,M102,M101
1435973-I Can Hear Your Voice_20210621-104223.txt,M106,M103
1435973-I Can Hear Your Voice_20210621-104223.txt,M22,M21
1435973-I Can Hear Your Voice_20210621-104223.txt,M105,M21
1435973-I Can Hear Your Voice_20210621-104223.txt,M109,M23;M25
1435973-I Can Hear Your Voice_20210621-104223.txt,M111,M23;M25
1435973-I Can Hear Your Voice_20210621-104223.txt,M26,M25
1435973-I Can Hear Your Voice_20210621-104223.txt,M24,M25
35069-Stephanie dari Monako_20210619-225412.txt,M3,M1
35069-Stephanie dari Monako_20210619-225412.txt,M4,M1
35069-Stephanie dari Monako_20210619-225412.txt,M5,M1
35069-Stephanie dari Monako_20210619-225412.txt,M6,M1
35069-Stephanie dari Monako_20210619-225412.txt,M9,M7
35069-Stephanie dari Monako_20210619-225412.txt,M10,M7
35069-Stephanie dari Monako_20210619-225412.txt,M12,M11
35069-Stephanie dari Monako_20210619-225412.txt,M17,M13
35069-Stephanie dari Monako_20210619-225412.txt,M20,M13
35069-Stephanie dari Monako_20210619-225412.txt,M66,M13
35069-Stephanie dari Monako_20210619-225412.txt,M68,M13
35069-Stephanie dari Monako_20210619-225412.txt,M23,M13
35069-Stephanie dari Monako_20210619-225412.txt,M71,M13;M21
35069-Stephanie dari Monako_20210619-225412.txt,M74,M13
35069-Stephanie dari Monako_20210619-225412.txt,M28,M27
35069-Stephanie dari Monako_20210619-225412.txt,M37,M35;M36
35069-Stephanie dari Monako_20210619-225412.txt,M38,M35;M36
35069-Stephanie dari Monako_20210619-225412.txt,M84,M70
35069-Stephanie dari Monako_20210619-225412.txt,M41,M72
35069-Stephanie dari Monako_20210619-225412.txt,M42,M72
35069-Stephanie dari Monako_20210619-225412.txt,M73,M44
35069-Stephanie dari Monako_20210619-225412.txt,M69,M72
35069-Stephanie dari Monako_20210619-225412.txt,M76,M72
35069-Stephanie dari Monako_20210619-225412.txt,M77,M72
35069-Stephanie dari Monako_20210619-225412.txt,M75,M72
35069-Stephanie dari Monako_20210619-225412.txt,M54,M49
35069-Stephanie dari Monako_20210619-225412.txt,M79,M72
35069-Stephanie dari Monako_20210619-225412.txt,M80,M72
35069-Stephanie dari Monako_20210619-225412.txt,M56,M72
35069-Stephanie dari Monako_20210619-225412.txt,M62,M81
35069-Stephanie dari Monako_20210619-225412.txt,M65,M63;M64
35069-Stephanie dari Monako_20210619-225412.txt,M67,M63;M64
2618132-Mariya Takeuchi_20210621-150407.txt,M2,M1
2618132-Mariya Takeuchi_20210621-150407.txt,M4,M1
2618132-Mariya Takeuchi_20210621-150407.txt,M5,M1
2618132-Mariya Takeuchi_20210621-150407.txt,M6,M1
2618132-Mariya Takeuchi_20210621-150407.txt,M9,M8
2618132-Mariya Takeuchi_20210621-150407.txt,M11,M10
2618132-Mariya Takeuchi_20210621-150407.txt,M13,M10;M14
2618132-Mariya Takeuchi_20210621-150407.txt,M16,M15
2618132-Mariya Takeuchi_20210621-150407.txt,M17,M15
2618132-Mariya Takeuchi_20210621-150407.txt,M18,M15
2618132-Mariya Takeuchi_20210621-150407.txt,M12,M15
2618132-Mariya Takeuchi_20210621-150407.txt,M31,M15
2618132-Mariya Takeuchi_20210621-150407.txt,M32,M38
2618132-Mariya Takeuchi_20210621-150407.txt,M40,M38
2618132-Mariya Takeuchi_20210621-150407.txt,M43,M38
2618132-Mariya Takeuchi_20210621-150407.txt,M44,M38
2618132-Mariya Takeuchi_20210621-150407.txt,M45,M38
2618132-Mariya Takeuchi_20210621-150407.txt,M49,M38
2618132-Mariya Takeuchi_20210621-150407.txt,M52,M50
2618132-Mariya Takeuchi_20210621-150407.txt,M66,M64
2618132-Mariya Takeuchi_20210621-150407.txt,M68,M64
2618132-Mariya Takeuchi_20210621-150407.txt,M80,M79
1154410-Mujhse Dosti Karoge!_20210620-224113.txt,M3,M5
1154410-Mujhse Dosti Karoge!_20210620-224113.txt,M4,M7
1154410-Mujhse Dosti Karoge!_20210620-224113.txt,M6,M10
1154410-Mujhse Dosti Karoge!_20210620-224113.txt,M9,M12
1154410-Mujhse Dosti Karoge!_20210620-224113.txt,M11,M12;M13
1154410-Mujhse Dosti Karoge!_20210620-224113.txt,M14,M15;M17
1154410-Mujhse Dosti Karoge!_20210620-224113.txt,M24,M19
1154410-Mujhse Dosti Karoge!_20210620-224113.txt,M16,M19
1154410-Mujhse Dosti Karoge!_20210620-224113.txt,M18,M19
1154410-Mujhse Dosti Karoge!_20210620-224113.txt,M20,M15;M19
1154410-Mujhse Dosti Karoge!_20210620-224113.txt,M21,M23
1154410-Mujhse Dosti Karoge!_20210620-224113.txt,M22,M23
1154410-Mujhse Dosti Karoge!_20210620-224113.txt,M25,M27
1154410-Mujhse Dosti Karoge!_20210620-224113.txt,M26,M29
1154410-Mujhse Dosti Karoge!_20210620-224113.txt,M28,M29
1154410-Mujhse Dosti Karoge!_20210620-224113.txt,M30,M29
1154410-Mujhse Dosti Karoge!_20210620-224113.txt,M31,M33
1154410-Mujhse Dosti Karoge!_20210620-224113.txt,M32,M33;M36
1154410-Mujhse Dosti Karoge!_20210620-224113.txt,M34,M33;M36
1154410-Mujhse Dosti Karoge!_20210620-224113.txt,M35,M38
1154410-Mujhse Dosti Karoge!_20210620-224113.txt,M37,M40
1154410-Mujhse Dosti Karoge!_20210620-224113.txt,M39,M43
1154410-Mujhse Dosti Karoge!_20210620-224113.txt,M41,M44
1154410-Mujhse Dosti Karoge!_20210620-224113.txt,M42,M46
1154410-Mujhse Dosti Karoge!_20210620-224113.txt,M45,M46
1154410-Mujhse Dosti Karoge!_20210620-224113.txt,M47,M49
1154410-Mujhse Dosti Karoge!_20210620-224113.txt,M48,M52;M53
1154410-Mujhse Dosti Karoge!_20210620-224113.txt,M50,M54
1154410-Mujhse Dosti Karoge!_20210620-224113.txt,M51,M56
1154410-Mujhse Dosti Karoge!_20210620-224113.txt,M55,M58
232252-Garota de Ipanema_20210620-145336.txt,M6,M5
232252-Garota de Ipanema_20210620-145336.txt,M8,M7
232252-Garota de Ipanema_20210620-145336.txt,M14,M13
232252-Garota de Ipanema_20210620-145336.txt,M17,M16
232252-Garota de Ipanema_20210620-145336.txt,M20,M16
232252-Garota de Ipanema_20210620-145336.txt,M21,M23
232252-Garota de Ipanema_20210620-145336.txt,M22,M16
232252-Garota de Ipanema_20210620-145336.txt,M27,M26
232252-Garota de Ipanema_20210620-145336.txt,M24,M26
232252-Garota de Ipanema_20210620-145336.txt,M29,M31
232252-Garota de Ipanema_20210620-145336.txt,M32,M23;M26
232252-Garota de Ipanema_20210620-145336.txt,M30,M31
232252-Garota de Ipanema_20210620-145336.txt,M33,M23;M26
232252-Garota de Ipanema_20210620-145336.txt,M34,M31
232252-Garota de Ipanema_20210620-145336.txt,M35,M31
232252-Garota de Ipanema_20210620-145336.txt,M36,M31
232252-Garota de Ipanema_20210620-145336.txt,M37,M23;M26
232252-Garota de Ipanema_20210620-145336.txt,M38,M31
232252-Garota de Ipanema_20210620-145336.txt,M39,M31
232252-Garota de Ipanema_20210620-145336.txt,M40,M31
232252-Garota de Ipanema_20210620-145336.txt,M41,M31
232252-Garota de Ipanema_20210620-145336.txt,M42,M31
232252-Garota de Ipanema_20210620-145336.txt,M43,M31
232252-Garota de Ipanema_20210620-145336.txt,M45,M31
232252-Garota de Ipanema_20210620-145336.txt,M47,M31
232252-Garota de Ipanema_20210620-145336.txt,M44,M31
232252-Garota de Ipanema_20210620-145336.txt,M54,M50
232252-Garota de Ipanema_20210620-145336.txt,M55,M57
232252-Garota de Ipanema_20210620-145336.txt,M56,M50
232252-Garota de Ipanema_20210620-145336.txt,M58,M60
232252-Garota de Ipanema_20210620-145336.txt,M59,M60
232252-Garota de Ipanema_20210620-145336.txt,M61,M60
232252-Garota de Ipanema_20210620-145336.txt,M62,M64
232252-Garota de Ipanema_20210620-145336.txt,M63,M57
232252-Garota de Ipanema_20210620-145336.txt,M65,M67
232252-Garota de Ipanema_20210620-145336.txt,M66,M67
232252-Garota de Ipanema_20210620-145336.txt,M68,M70
232252-Garota de Ipanema_20210620-145336.txt,M69,M67
232252-Garota de Ipanema_20210620-145336.txt,M71,M67
232252-Garota de Ipanema_20210620-145336.txt,M72,M67
283160-Pururawa_20210620-151655.txt,M4,M3
283160-Pururawa_20210620-151655.txt,M6,M3
283160-Pururawa_20210620-151655.txt,M5,M3
283160-Pururawa_20210620-151655.txt,M7,M3
283160-Pururawa_20210620-151655.txt,M8,M10;M11;M12
283160-Pururawa_20210620-151655.txt,M9,M10;M11;M12
283160-Pururawa_20210620-151655.txt,M13,M15
283160-Pururawa_20210620-151655.txt,M14,M17
283160-Pururawa_20210620-151655.txt,M16,M18;M22;M23
283160-Pururawa_20210620-151655.txt,M19,M21
283160-Pururawa_20210620-151655.txt,M20,M21
283160-Pururawa_20210620-151655.txt,M24,M27;M28
283160-Pururawa_20210620-151655.txt,M25,M29
283160-Pururawa_20210620-151655.txt,M26,M29
283160-Pururawa_20210620-151655.txt,M31,M33;M36
283160-Pururawa_20210620-151655.txt,M34,M37
283160-Pururawa_20210620-151655.txt,M35,M39
283160-Pururawa_20210620-151655.txt,M38,M41
283160-Pururawa_20210620-151655.txt,M40,M41
283160-Pururawa_20210620-151655.txt,M42,M44
283160-Pururawa_20210620-151655.txt,M43,M46
283160-Pururawa_20210620-151655.txt,M45,M48
283160-Pururawa_20210620-151655.txt,M47,M50
283160-Pururawa_20210620-151655.txt,M49,M52
283160-Pururawa_20210620-151655.txt,M51,M54
283160-Pururawa_20210620-151655.txt,M53,M56
283160-Pururawa_20210620-151655.txt,M55,M58
736379-Victor Wooten_20210620-163730.txt,M5,M3
736379-Victor Wooten_20210620-163730.txt,M6,M3
736379-Victor Wooten_20210620-163730.txt,M12,M10
736379-Victor Wooten_20210620-163730.txt,M16,M10
736379-Victor Wooten_20210620-163730.txt,M23,M22
736379-Victor Wooten_20210620-163730.txt,M37,M34;M35;M36
736379-Victor Wooten_20210620-163730.txt,M43,M42
736379-Victor Wooten_20210620-163730.txt,M46,M40
736379-Victor Wooten_20210620-163730.txt,M52,M40
736379-Victor Wooten_20210620-163730.txt,M54,M53
736379-Victor Wooten_20210620-163730.txt,M55,M42
736379-Victor Wooten_20210620-163730.txt,M58,M57
736379-Victor Wooten_20210620-163730.txt,M59,M53
736379-Victor Wooten_20210620-163730.txt,M60,M42
736379-Victor Wooten_20210620-163730.txt,M61,M53
736379-Victor Wooten_20210620-163730.txt,M62,M53
736379-Victor Wooten_20210620-163730.txt,M63,M53
736379-Victor Wooten_20210620-163730.txt,M67,M66
736379-Victor Wooten_20210620-163730.txt,M68,M57
736379-Victor Wooten_20210620-163730.txt,M69,M66
736379-Victor Wooten_20210620-163730.txt,M70,M57
736379-Victor Wooten_20210620-163730.txt,M72,M71
736379-Victor Wooten_20210620-163730.txt,M77,M71
736379-Victor Wooten_20210620-163730.txt,M79,M78
736379-Victor Wooten_20210620-163730.txt,M85,M84
736379-Victor Wooten_20210620-163730.txt,M86,M84
736379-Victor Wooten_20210620-163730.txt,M91,M90
736379-Victor Wooten_20210620-163730.txt,M92,M90
736379-Victor Wooten_20210620-163730.txt,M93,M89
736379-Victor Wooten_20210620-163730.txt,M94,M96
736379-Victor Wooten_20210620-163730.txt,M101,M100
736379-Victor Wooten_20210620-163730.txt,M104,M103
736379-Victor Wooten_20210620-163730.txt,M106,M103
736379-Victor Wooten_20210620-163730.txt,M107,M103
148574-Widodo Noor Slamet_20210620-143934.txt,M11,M6
148574-Widodo Noor Slamet_20210620-143934.txt,M14,M13
148574-Widodo Noor Slamet_20210620-143934.txt,M19,M17
148574-Widodo Noor Slamet_20210620-143934.txt,M21,M20
148574-Widodo Noor Slamet_20210620-143934.txt,M22,M20
148574-Widodo Noor Slamet_20210620-143934.txt,M23,M20
148574-Widodo Noor Slamet_20210620-143934.txt,M24,M20
148574-Widodo Noor Slamet_20210620-143934.txt,M25,M20
148574-Widodo Noor Slamet_20210620-143934.txt,M28,M26;M27
148574-Widodo Noor Slamet_20210620-143934.txt,M118,M26;M27
148574-Widodo Noor Slamet_20210620-143934.txt,M29,M26
148574-Widodo Noor Slamet_20210620-143934.txt,M30,M26;M27
148574-Widodo Noor Slamet_20210620-143934.txt,M40,M26
148574-Widodo Noor Slamet_20210620-143934.txt,M50,M41
148574-Widodo Noor Slamet_20210620-143934.txt,M51,M41
148574-Widodo Noor Slamet_20210620-143934.txt,M57,M56
148574-Widodo Noor Slamet_20210620-143934.txt,M66,M59
148574-Widodo Noor Slamet_20210620-143934.txt,M74,M59
148574-Widodo Noor Slamet_20210620-143934.txt,M75,M77
148574-Widodo Noor Slamet_20210620-143934.txt,M81,M82
148574-Widodo Noor Slamet_20210620-143934.txt,M83,M82
148574-Widodo Noor Slamet_20210620-143934.txt,M88,M91
148574-Widodo Noor Slamet_20210620-143934.txt,M95,M94
148574-Widodo Noor Slamet_20210620-143934.txt,M96,M94
148574-Widodo Noor Slamet_20210620-143934.txt,M99,M94
148574-Widodo Noor Slamet_20210620-143934.txt,M106,M94
1156812-Man of Steel (film)_20210620-225949.txt,M26,M9
1156812-Man of Steel (film)_20210620-225949.txt,M30,M29
1156812-Man of Steel (film)_20210620-225949.txt,M32,M31
1156812-Man of Steel (film)_20210620-225949.txt,M37,M33
1156812-Man of Steel (film)_20210620-225949.txt,M39,M33;M35
1156812-Man of Steel (film)_20210620-225949.txt,M38,M40
1156812-Man of Steel (film)_20210620-225949.txt,M43,M41
1156812-Man of Steel (film)_20210620-225949.txt,M44,M41
1156812-Man of Steel (film)_20210620-225949.txt,M45,M41;M48
1156812-Man of Steel (film)_20210620-225949.txt,M51,M46
1156812-Man of Steel (film)_20210620-225949.txt,M55,M53
1156812-Man of Steel (film)_20210620-225949.txt,M57,M53
1156812-Man of Steel (film)_20210620-225949.txt,M59,M53
1156812-Man of Steel (film)_20210620-225949.txt,M61,M53
1156812-Man of Steel (film)_20210620-225949.txt,M8,M64
1156812-Man of Steel (film)_20210620-225949.txt,M68,M64
1156812-Man of Steel (film)_20210620-225949.txt,M70,M64
1156812-Man of Steel (film)_20210620-225949.txt,M72,M64
1156812-Man of Steel (film)_20210620-225949.txt,M56,M54
1156812-Man of Steel (film)_20210620-225949.txt,M60,M58
1156812-Man of Steel (film)_20210620-225949.txt,M76,M73
1156812-Man of Steel (film)_20210620-225949.txt,M77,M65
1156812-Man of Steel (film)_20210620-225949.txt,M69,M75
1156812-Man of Steel (film)_20210620-225949.txt,M88,M84
1156812-Man of Steel (film)_20210620-225949.txt,M78,M71
1156812-Man of Steel (film)_20210620-225949.txt,M83,M81
1156812-Man of Steel (film)_20210620-225949.txt,M90,M87
1156812-Man of Steel (film)_20210620-225949.txt,M98,M93;M96
1156812-Man of Steel (film)_20210620-225949.txt,M100,M99
1156812-Man of Steel (film)_20210620-225949.txt,M105,M104
1156812-Man of Steel (film)_20210620-225949.txt,M112,M110
1156812-Man of Steel (film)_20210620-225949.txt,M113,M111
1156812-Man of Steel (film)_20210620-225949.txt,M118,M117
1156812-Man of Steel (film)_20210620-225949.txt,M123,M122
1156812-Man of Steel (film)_20210620-225949.txt,M124,M120
1156812-Man of Steel (film)_20210620-225949.txt,M125,M120
2498142-Serbia Moravia_20210621-142019.txt,M6,M4
2498142-Serbia Moravia_20210621-142019.txt,M9,M7
2498142-Serbia Moravia_20210621-142019.txt,M12,M7
2498142-Serbia Moravia_20210621-142019.txt,M27,M31
2498142-Serbia Moravia_20210621-142019.txt,M35,M36
2498142-Serbia Moravia_20210621-142019.txt,M40,M37
2498142-Serbia Moravia_20210621-142019.txt,M41,M37
2498142-Serbia Moravia_20210621-142019.txt,M44,M43
2498142-Serbia Moravia_20210621-142019.txt,M49,M46
2498142-Serbia Moravia_20210621-142019.txt,M51,M46
2498142-Serbia Moravia_20210621-142019.txt,M60,M59
2498142-Serbia Moravia_20210621-142019.txt,M61,M59
2498142-Serbia Moravia_20210621-142019.txt,M64,M62
2498142-Serbia Moravia_20210621-142019.txt,M68,M67
2498142-Serbia Moravia_20210621-142019.txt,M74,M73
2498142-Serbia Moravia_20210621-142019.txt,M98,M93
2498142-Serbia Moravia_20210621-142019.txt,M104,M103
2498142-Serbia Moravia_20210621-142019.txt,M112,M110
2498142-Serbia Moravia_20210621-142019.txt,M114,M113
2498142-Serbia Moravia_20210621-142019.txt,M121,M117
2498142-Serbia Moravia_20210621-142019.txt,M135,M130
2498142-Serbia Moravia_20210621-142019.txt,M140,M130
821426-Henrik de Laborde de Monpezat_20210620-164217.txt,M14,
821426-Henrik de Laborde de Monpezat_20210620-164217.txt,M7,M4
821426-Henrik de Laborde de Monpezat_20210620-164217.txt,M8,M4
821426-Henrik de Laborde de Monpezat_20210620-164217.txt,M9,M4
821426-Henrik de Laborde de Monpezat_20210620-164217.txt,M12,M4
821426-Henrik de Laborde de Monpezat_20210620-164217.txt,M13,M14
821426-Henrik de Laborde de Monpezat_20210620-164217.txt,M15,M14
821426-Henrik de Laborde de Monpezat_20210620-164217.txt,M17,M4
821426-Henrik de Laborde de Monpezat_20210620-164217.txt,M22,M21
821426-Henrik de Laborde de Monpezat_20210620-164217.txt,M23,M21
821426-Henrik de Laborde de Monpezat_20210620-164217.txt,M27,M26
821426-Henrik de Laborde de Monpezat_20210620-164217.txt,M32,M21
821426-Henrik de Laborde de Monpezat_20210620-164217.txt,M37,M36
821426-Henrik de Laborde de Monpezat_20210620-164217.txt,M38,M36
821426-Henrik de Laborde de Monpezat_20210620-164217.txt,M39,M36
821426-Henrik de Laborde de Monpezat_20210620-164217.txt,M42,M41
821426-Henrik de Laborde de Monpezat_20210620-164217.txt,M44,M41
821426-Henrik de Laborde de Monpezat_20210620-164217.txt,M45,M41
821426-Henrik de Laborde de Monpezat_20210620-164217.txt,M48,M47
821426-Henrik de Laborde de Monpezat_20210620-164217.txt,M51,M49
821426-Henrik de Laborde de Monpezat_20210620-164217.txt,M54,M53
821426-Henrik de Laborde de Monpezat_20210620-164217.txt,M57,M53;M56
821426-Henrik de Laborde de Monpezat_20210620-164217.txt,M59,M58
821426-Henrik de Laborde de Monpezat_20210620-164217.txt,M60,M58
821426-Henrik de Laborde de Monpezat_20210620-164217.txt,M62,M58
821426-Henrik de Laborde de Monpezat_20210620-164217.txt,M63,M58
821426-Henrik de Laborde de Monpezat_20210620-164217.txt,M64,M66
821426-Henrik de Laborde de Monpezat_20210620-164217.txt,M67,M65
821426-Henrik de Laborde de Monpezat_20210620-164217.txt,M68,M65
821426-Henrik de Laborde de Monpezat_20210620-164217.txt,M70,M65
821426-Henrik de Laborde de Monpezat_20210620-164217.txt,M71,M65
821426-Henrik de Laborde de Monpezat_20210620-164217.txt,M73,M65
821426-Henrik de Laborde de Monpezat_20210620-164217.txt,M74,M65
821426-Henrik de Laborde de Monpezat_20210620-164217.txt,M75,M65
821426-Henrik de Laborde de Monpezat_20210620-164217.txt,M76,M65
821426-Henrik de Laborde de Monpezat_20210620-164217.txt,M77,M65
821426-Henrik de Laborde de Monpezat_20210620-164217.txt,M78,M65
821426-Henrik de Laborde de Monpezat_20210620-164217.txt,M79,M65
821426-Henrik de Laborde de Monpezat_20210620-164217.txt,M80,M65
821426-Henrik de Laborde de Monpezat_20210620-164217.txt,M82,M65;M81
821426-Henrik de Laborde de Monpezat_20210620-164217.txt,M84,M83
821426-Henrik de Laborde de Monpezat_20210620-164217.txt,M87,M83
821426-Henrik de Laborde de Monpezat_20210620-164217.txt,M97,M96
821426-Henrik de Laborde de Monpezat_20210620-164217.txt,M98,M96
821426-Henrik de Laborde de Monpezat_20210620-164217.txt,M99,M96
821426-Henrik de Laborde de Monpezat_20210620-164217.txt,M102,M96
821426-Henrik de Laborde de Monpezat_20210620-164217.txt,M103,M96
1810118-Egy Massadiah_20210621-113806.txt,M3,M1
1810118-Egy Massadiah_20210621-113806.txt,M4,M1
1810118-Egy Massadiah_20210621-113806.txt,M5,M1
1810118-Egy Massadiah_20210621-113806.txt,M6,M1
1810118-Egy Massadiah_20210621-113806.txt,M7,M1
1810118-Egy Massadiah_20210621-113806.txt,M8,M1
1810118-Egy Massadiah_20210621-113806.txt,M9,M1
1810118-Egy Massadiah_20210621-113806.txt,M10,M1
1810118-Egy Massadiah_20210621-113806.txt,M11,M1
1810118-Egy Massadiah_20210621-113806.txt,M12,M1
1810118-Egy Massadiah_20210621-113806.txt,M13,M1
1810118-Egy Massadiah_20210621-113806.txt,M14,M1
1810118-Egy Massadiah_20210621-113806.txt,M15,M1
1810118-Egy Massadiah_20210621-113806.txt,M16,M18
1810118-Egy Massadiah_20210621-113806.txt,M17,M20
1810118-Egy Massadiah_20210621-113806.txt,M22,M24
1810118-Egy Massadiah_20210621-113806.txt,M23,M26
1810118-Egy Massadiah_20210621-113806.txt,M25,M28
1810118-Egy Massadiah_20210621-113806.txt,M27,M30
1810118-Egy Massadiah_20210621-113806.txt,M29,M32
1810118-Egy Massadiah_20210621-113806.txt,M31,M24
1810118-Egy Massadiah_20210621-113806.txt,M39,M24
1810118-Egy Massadiah_20210621-113806.txt,M33,M35
2126479-The K2_20210619-214204.txt,M6,M3
2126479-The K2_20210619-214204.txt,M23,M3
2126479-The K2_20210619-214204.txt,M10,M3
2126479-The K2_20210619-214204.txt,M11,M3
2126479-The K2_20210619-214204.txt,M15,M3
2126479-The K2_20210619-214204.txt,M16,M3
2126479-The K2_20210619-214204.txt,M22,M3
2126479-The K2_20210619-214204.txt,M26,M24
2126479-The K2_20210619-214204.txt,M30,M24
2126479-The K2_20210619-214204.txt,M31,M29
2126479-The K2_20210619-214204.txt,M33,M29
2126479-The K2_20210619-214204.txt,M34,M29
2126479-The K2_20210619-214204.txt,M35,M21;M29
2126479-The K2_20210619-214204.txt,M38,M36
2126479-The K2_20210619-214204.txt,M106,M36
2126479-The K2_20210619-214204.txt,M40,M36
2126479-The K2_20210619-214204.txt,M45,M36
2126479-The K2_20210619-214204.txt,M47,M50
2126479-The K2_20210619-214204.txt,M51,M50
2126479-The K2_20210619-214204.txt,M52,M50
2126479-The K2_20210619-214204.txt,M54,M50
2126479-The K2_20210619-214204.txt,M60,M42
2126479-The K2_20210619-214204.txt,M65,M57
2126479-The K2_20210619-214204.txt,M66,M67
2126479-The K2_20210619-214204.txt,M72,M67
2126479-The K2_20210619-214204.txt,M71,M74
2126479-The K2_20210619-214204.txt,M73,M74
2126479-The K2_20210619-214204.txt,M75,M74
2126479-The K2_20210619-214204.txt,M83,M74
2126479-The K2_20210619-214204.txt,M82,M77
2126479-The K2_20210619-214204.txt,M78,M77
2126479-The K2_20210619-214204.txt,M85,M77
2126479-The K2_20210619-214204.txt,M88,M77
2126479-The K2_20210619-214204.txt,M91,M87
2126479-The K2_20210619-214204.txt,M105,M101
2126479-The K2_20210619-214204.txt,M109,M44
2126479-The K2_20210619-214204.txt,M108,M111
2126479-The K2_20210619-214204.txt,M112,M103
2429045-Adaptation (film)_20210621-125923.txt,M18,M20
2429045-Adaptation (film)_20210621-125923.txt,M24,M23
2429045-Adaptation (film)_20210621-125923.txt,M26,M23
2429045-Adaptation (film)_20210621-125923.txt,M28,M23
2429045-Adaptation (film)_20210621-125923.txt,M35,M34
2429045-Adaptation (film)_20210621-125923.txt,M36,M34
2429045-Adaptation (film)_20210621-125923.txt,M37,M34
2429045-Adaptation (film)_20210621-125923.txt,M40,M38
2429045-Adaptation (film)_20210621-125923.txt,M41,M34
2429045-Adaptation (film)_20210621-125923.txt,M42,M34
2429045-Adaptation (film)_20210621-125923.txt,M51,M49
2429045-Adaptation (film)_20210621-125923.txt,M30,M52
2429045-Adaptation (film)_20210621-125923.txt,M58,M55
2429045-Adaptation (film)_20210621-125923.txt,M60,M59
2429045-Adaptation (film)_20210621-125923.txt,M62,M61
2429045-Adaptation (film)_20210621-125923.txt,M63,M55
2429045-Adaptation (film)_20210621-125923.txt,M74,M73
2429045-Adaptation (film)_20210621-125923.txt,M79,M76;M77
2429045-Adaptation (film)_20210621-125923.txt,M88,M86;M87
2429045-Adaptation (film)_20210621-125923.txt,M89,M86;M87
2429045-Adaptation (film)_20210621-125923.txt,M97,M93;M94
2429045-Adaptation (film)_20210621-125923.txt,M98,M95;M96
2429045-Adaptation (film)_20210621-125923.txt,M101,M100
2429045-Adaptation (film)_20210621-125923.txt,M104,M103
2429045-Adaptation (film)_20210621-125923.txt,M108,M107
2429045-Adaptation (film)_20210621-125923.txt,M111,M107
2429045-Adaptation (film)_20210621-125923.txt,M113,M107
2429045-Adaptation (film)_20210621-125923.txt,M114,M112
2429045-Adaptation (film)_20210621-125923.txt,M116,M107
2429045-Adaptation (film)_20210621-125923.txt,M117,M107
2429045-Adaptation (film)_20210621-125923.txt,M118,M107
2429045-Adaptation (film)_20210621-125923.txt,M119,M107
1052623-Wilfried Zaha_20210620-214356.txt,M2,M6
1052623-Wilfried Zaha_20210620-214356.txt,M3,M6
1052623-Wilfried Zaha_20210620-214356.txt,M7,M9
1052623-Wilfried Zaha_20210620-214356.txt,M8,M9
1052623-Wilfried Zaha_20210620-214356.txt,M50,M9
1052623-Wilfried Zaha_20210620-214356.txt,M12,M10
1052623-Wilfried Zaha_20210620-214356.txt,M11,M14
1052623-Wilfried Zaha_20210620-214356.txt,M13,M38
1052623-Wilfried Zaha_20210620-214356.txt,M15,M17
1052623-Wilfried Zaha_20210620-214356.txt,M16,M19
1052623-Wilfried Zaha_20210620-214356.txt,M42,M19
1052623-Wilfried Zaha_20210620-214356.txt,M43,M19
1052623-Wilfried Zaha_20210620-214356.txt,M44,M19
1052623-Wilfried Zaha_20210620-214356.txt,M18,M21
1052623-Wilfried Zaha_20210620-214356.txt,M20,M23
1052623-Wilfried Zaha_20210620-214356.txt,M24,M23
1052623-Wilfried Zaha_20210620-214356.txt,M22,M23
1052623-Wilfried Zaha_20210620-214356.txt,M25,M23
1052623-Wilfried Zaha_20210620-214356.txt,M26,M28
1052623-Wilfried Zaha_20210620-214356.txt,M27,M28
27219-Parfait Tic!_20190510-215956.txt,M2,M1
27219-Parfait Tic!_20190510-215956.txt,M3,M1
27219-Parfait Tic!_20190510-215956.txt,M4,M1
27219-Parfait Tic!_20190510-215956.txt,M5,M1
27219-Parfait Tic!_20190510-215956.txt,M9,M1
27219-Parfait Tic!_20190510-215956.txt,M13,M12
27219-Parfait Tic!_20190510-215956.txt,M20,M17
27219-Parfait Tic!_20190510-215956.txt,M21,M17
27219-Parfait Tic!_20190510-215956.txt,M22,M17
27219-Parfait Tic!_20190510-215956.txt,M24,M17
27219-Parfait Tic!_20190510-215956.txt,M26,M23
27219-Parfait Tic!_20190510-215956.txt,M33,M31
27219-Parfait Tic!_20190510-215956.txt,M38,M31;M34;M35
27219-Parfait Tic!_20190510-215956.txt,M41,M39
27219-Parfait Tic!_20190510-215956.txt,M44,M43
27219-Parfait Tic!_20190510-215956.txt,M46,M43
27219-Parfait Tic!_20190510-215956.txt,M47,M43
27219-Parfait Tic!_20190510-215956.txt,M54,M53
27219-Parfait Tic!_20190510-215956.txt,M55,M53
27219-Parfait Tic!_20190510-215956.txt,M56,M53
27219-Parfait Tic!_20190510-215956.txt,M58,M53
27219-Parfait Tic!_20190510-215956.txt,M60,M53
27219-Parfait Tic!_20190510-215956.txt,M64,M62
27219-Parfait Tic!_20190510-215956.txt,M71,M69
27219-Parfait Tic!_20190510-215956.txt,M73,M76
27219-Parfait Tic!_20190510-215956.txt,M75,M76
27219-Parfait Tic!_20190510-215956.txt,M82,M80
27219-Parfait Tic!_20190510-215956.txt,M88,M86
27219-Parfait Tic!_20190510-215956.txt,M93,M91
27219-Parfait Tic!_20190510-215956.txt,M100,M99
27219-Parfait Tic!_20190510-215956.txt,M115,M110;M111
27219-Parfait Tic!_20190510-215956.txt,M117,M110;M116
27219-Parfait Tic!_20190510-215956.txt,M120,M116;M119
27219-Parfait Tic!_20190510-215956.txt,M123,M122
27219-Parfait Tic!_20190510-215956.txt,M124,M122
27219-Parfait Tic!_20190510-215956.txt,M126,M122
27219-Parfait Tic!_20190510-215956.txt,M133,M136
27219-Parfait Tic!_20190510-215956.txt,M140,M139
27219-Parfait Tic!_20190510-215956.txt,M143,M141;M142
1790487-Fifty Shades Darker_20210621-111821.txt,M53,
1790487-Fifty Shades Darker_20210621-111821.txt,M9,M8
1790487-Fifty Shades Darker_20210621-111821.txt,M11,M10
1790487-Fifty Shades Darker_20210621-111821.txt,M12,M14
1790487-Fifty Shades Darker_20210621-111821.txt,M17,M14;M95
1790487-Fifty Shades Darker_20210621-111821.txt,M22,M25
1790487-Fifty Shades Darker_20210621-111821.txt,M26,M24
1790487-Fifty Shades Darker_20210621-111821.txt,M27,M29
1790487-Fifty Shades Darker_20210621-111821.txt,M28,M31
1790487-Fifty Shades Darker_20210621-111821.txt,M30,M33
1790487-Fifty Shades Darker_20210621-111821.txt,M32,M35
1790487-Fifty Shades Darker_20210621-111821.txt,M34,M37
1790487-Fifty Shades Darker_20210621-111821.txt,M36,M39
1790487-Fifty Shades Darker_20210621-111821.txt,M38,M41
1790487-Fifty Shades Darker_20210621-111821.txt,M40,M44;M113
1790487-Fifty Shades Darker_20210621-111821.txt,M48,M47
1790487-Fifty Shades Darker_20210621-111821.txt,M49,M116
1790487-Fifty Shades Darker_20210621-111821.txt,M50,M116
1790487-Fifty Shades Darker_20210621-111821.txt,M52,M54
1790487-Fifty Shades Darker_20210621-111821.txt,M56,M58
1790487-Fifty Shades Darker_20210621-111821.txt,M57,M61;M62
1790487-Fifty Shades Darker_20210621-111821.txt,M59,M63
1790487-Fifty Shades Darker_20210621-111821.txt,M64,M60
1790487-Fifty Shades Darker_20210621-111821.txt,M65,M67
1790487-Fifty Shades Darker_20210621-111821.txt,M66,M69
1790487-Fifty Shades Darker_20210621-111821.txt,M68,M72;M73
1790487-Fifty Shades Darker_20210621-111821.txt,M70,M71;M75
1790487-Fifty Shades Darker_20210621-111821.txt,M74,M77
1790487-Fifty Shades Darker_20210621-111821.txt,M79,M76
1790487-Fifty Shades Darker_20210621-111821.txt,M80,M83;M84
1790487-Fifty Shades Darker_20210621-111821.txt,M81,M85
1790487-Fifty Shades Darker_20210621-111821.txt,M82,M85
1790487-Fifty Shades Darker_20210621-111821.txt,M87,M86
1790487-Fifty Shades Darker_20210621-111821.txt,M88,M86
147004-Feng Yuxiang_20210620-141342.txt,M3,M2
147004-Feng Yuxiang_20210620-141342.txt,M4,M2
147004-Feng Yuxiang_20210620-141342.txt,M5,M2
147004-Feng Yuxiang_20210620-141342.txt,M8,M101
147004-Feng Yuxiang_20210620-141342.txt,M10,M101
147004-Feng Yuxiang_20210620-141342.txt,M12,M101
147004-Feng Yuxiang_20210620-141342.txt,M14,M101
147004-Feng Yuxiang_20210620-141342.txt,M15,M101
147004-Feng Yuxiang_20210620-141342.txt,M16,M101
147004-Feng Yuxiang_20210620-141342.txt,M17,M101
147004-Feng Yuxiang_20210620-141342.txt,M18,M20
147004-Feng Yuxiang_20210620-141342.txt,M19,M101
147004-Feng Yuxiang_20210620-141342.txt,M23,M25
147004-Feng Yuxiang_20210620-141342.txt,M28,M24
147004-Feng Yuxiang_20210620-141342.txt,M31,M22
147004-Feng Yuxiang_20210620-141342.txt,M91,M30
147004-Feng Yuxiang_20210620-141342.txt,M35,M30
147004-Feng Yuxiang_20210620-141342.txt,M36,M33
147004-Feng Yuxiang_20210620-141342.txt,M41,M102
147004-Feng Yuxiang_20210620-141342.txt,M46,M39
147004-Feng Yuxiang_20210620-141342.txt,M51,M45
147004-Feng Yuxiang_20210620-141342.txt,M64,M52;M53;M54
147004-Feng Yuxiang_20210620-141342.txt,M57,M52
147004-Feng Yuxiang_20210620-141342.txt,M59,M50
147004-Feng Yuxiang_20210620-141342.txt,M61,M50
147004-Feng Yuxiang_20210620-141342.txt,M65,M50
147004-Feng Yuxiang_20210620-141342.txt,M67,M50
147004-Feng Yuxiang_20210620-141342.txt,M72,M106
147004-Feng Yuxiang_20210620-141342.txt,M60,M106
147004-Feng Yuxiang_20210620-141342.txt,M75,M106
147004-Feng Yuxiang_20210620-141342.txt,M77,M106
147004-Feng Yuxiang_20210620-141342.txt,M78,M106
147004-Feng Yuxiang_20210620-141342.txt,M80,M106
147004-Feng Yuxiang_20210620-141342.txt,M83,M69
147004-Feng Yuxiang_20210620-141342.txt,M87,M82
147004-Feng Yuxiang_20210620-141342.txt,M85,M82
543463-Elizabeth Blackwell_20210620-161405.txt,M4,M3
543463-Elizabeth Blackwell_20210620-161405.txt,M6,M3
543463-Elizabeth Blackwell_20210620-161405.txt,M7,M3
543463-Elizabeth Blackwell_20210620-161405.txt,M8,M3
543463-Elizabeth Blackwell_20210620-161405.txt,M9,M3
543463-Elizabeth Blackwell_20210620-161405.txt,M21,M19
543463-Elizabeth Blackwell_20210620-161405.txt,M22,M19
543463-Elizabeth Blackwell_20210620-161405.txt,M31,M27
543463-Elizabeth Blackwell_20210620-161405.txt,M30,M27
543463-Elizabeth Blackwell_20210620-161405.txt,M36,M38
543463-Elizabeth Blackwell_20210620-161405.txt,M39,M37
543463-Elizabeth Blackwell_20210620-161405.txt,M40,M37
543463-Elizabeth Blackwell_20210620-161405.txt,M41,M37
543463-Elizabeth Blackwell_20210620-161405.txt,M42,M37
543463-Elizabeth Blackwell_20210620-161405.txt,M45,M44
543463-Elizabeth Blackwell_20210620-161405.txt,M48,M46
543463-Elizabeth Blackwell_20210620-161405.txt,M50,M49
543463-Elizabeth Blackwell_20210620-161405.txt,M51,M46
543463-Elizabeth Blackwell_20210620-161405.txt,M52,M49
543463-Elizabeth Blackwell_20210620-161405.txt,M53,M49
543463-Elizabeth Blackwell_20210620-161405.txt,M54,M49
543463-Elizabeth Blackwell_20210620-161405.txt,M56,M49
543463-Elizabeth Blackwell_20210620-161405.txt,M59,M49
543463-Elizabeth Blackwell_20210620-161405.txt,M60,M49
543463-Elizabeth Blackwell_20210620-161405.txt,M61,M49
543463-Elizabeth Blackwell_20210620-161405.txt,M62,M49
543463-Elizabeth Blackwell_20210620-161405.txt,M64,M63
543463-Elizabeth Blackwell_20210620-161405.txt,M68,M63
543463-Elizabeth Blackwell_20210620-161405.txt,M69,M63
543463-Elizabeth Blackwell_20210620-161405.txt,M73,M71
543463-Elizabeth Blackwell_20210620-161405.txt,M79,M77
543463-Elizabeth Blackwell_20210620-161405.txt,M81,M77
543463-Elizabeth Blackwell_20210620-161405.txt,M84,M77
543463-Elizabeth Blackwell_20210620-161405.txt,M85,M77
543463-Elizabeth Blackwell_20210620-161405.txt,M86,M77
543463-Elizabeth Blackwell_20210620-161405.txt,M87,M77
543463-Elizabeth Blackwell_20210620-161405.txt,M92,M88
543463-Elizabeth Blackwell_20210620-161405.txt,M96,M95
543463-Elizabeth Blackwell_20210620-161405.txt,M104,M97
543463-Elizabeth Blackwell_20210620-161405.txt,M105,M97
2429485-Bidaai (serial TV)_20210621-141339.txt,M4,M6
2429485-Bidaai (serial TV)_20210621-141339.txt,M7,M5
2429485-Bidaai (serial TV)_20210621-141339.txt,M8,M5
2429485-Bidaai (serial TV)_20210621-141339.txt,M9,M11
2429485-Bidaai (serial TV)_20210621-141339.txt,M10,M13
2429485-Bidaai (serial TV)_20210621-141339.txt,M12,M15
2429485-Bidaai (serial TV)_20210621-141339.txt,M14,M95
2429485-Bidaai (serial TV)_20210621-141339.txt,M16,M18
2429485-Bidaai (serial TV)_20210621-141339.txt,M17,M18
2429485-Bidaai (serial TV)_20210621-141339.txt,M23,M18;M26
2429485-Bidaai (serial TV)_20210621-141339.txt,M24,M27
2429485-Bidaai (serial TV)_20210621-141339.txt,M25,M29
2429485-Bidaai (serial TV)_20210621-141339.txt,M28,M31
2429485-Bidaai (serial TV)_20210621-141339.txt,M30,M33
2429485-Bidaai (serial TV)_20210621-141339.txt,M32,M35
2429485-Bidaai (serial TV)_20210621-141339.txt,M37,M108
2429485-Bidaai (serial TV)_20210621-141339.txt,M39,M38
2429485-Bidaai (serial TV)_20210621-141339.txt,M41,M108
2429485-Bidaai (serial TV)_20210621-141339.txt,M43,M38
2429485-Bidaai (serial TV)_20210621-141339.txt,M42,M40
2429485-Bidaai (serial TV)_20210621-141339.txt,M44,M47
2429485-Bidaai (serial TV)_20210621-141339.txt,M46,M40
2429485-Bidaai (serial TV)_20210621-141339.txt,M49,M51
2429485-Bidaai (serial TV)_20210621-141339.txt,M50,M51
2429485-Bidaai (serial TV)_20210621-141339.txt,M54,M52
2429485-Bidaai (serial TV)_20210621-141339.txt,M55,M57
2429485-Bidaai (serial TV)_20210621-141339.txt,M56,M57
2429485-Bidaai (serial TV)_20210621-141339.txt,M58,M60
2429485-Bidaai (serial TV)_20210621-141339.txt,M61,M65
2429485-Bidaai (serial TV)_20210621-141339.txt,M64,M65
2429485-Bidaai (serial TV)_20210621-141339.txt,M68,M66
2429485-Bidaai (serial TV)_20210621-141339.txt,M71,M70
2429485-Bidaai (serial TV)_20210621-141339.txt,M73,M72
2429485-Bidaai (serial TV)_20210621-141339.txt,M74,M77;M78
2429485-Bidaai (serial TV)_20210621-141339.txt,M75,M79
2429485-Bidaai (serial TV)_20210621-141339.txt,M83,M85
22438-Layang gantung_20190512-120922.txt,M4,M1
22438-Layang gantung_20190512-120922.txt,M12,M8
22438-Layang gantung_20190512-120922.txt,M13,M10
22438-Layang gantung_20190512-120922.txt,M18,M15
22438-Layang gantung_20190512-120922.txt,M19,M15
22438-Layang gantung_20190512-120922.txt,M20,M15
22438-Layang gantung_20190512-120922.txt,M22,M21
22438-Layang gantung_20190512-120922.txt,M23,M21
22438-Layang gantung_20190512-120922.txt,M24,M21
22438-Layang gantung_20190512-120922.txt,M25,M21
22438-Layang gantung_20190512-120922.txt,M26,M21
22438-Layang gantung_20190512-120922.txt,M27,M21
22438-Layang gantung_20190512-120922.txt,M29,M30
22438-Layang gantung_20190512-120922.txt,M32,M28
22438-Layang gantung_20190512-120922.txt,M35,M28
22438-Layang gantung_20190512-120922.txt,M38,M37
22438-Layang gantung_20190512-120922.txt,M39,M37
22438-Layang gantung_20190512-120922.txt,M40,M37
22438-Layang gantung_20190512-120922.txt,M45,M46
22438-Layang gantung_20190512-120922.txt,M47,M42
22438-Layang gantung_20190512-120922.txt,M48,M42
22438-Layang gantung_20190512-120922.txt,M49,M42
22438-Layang gantung_20190512-120922.txt,M50,M42
22438-Layang gantung_20190512-120922.txt,M51,M42
22438-Layang gantung_20190512-120922.txt,M56,M55
22438-Layang gantung_20190512-120922.txt,M57,M54
22438-Layang gantung_20190512-120922.txt,M58,M59
22438-Layang gantung_20190512-120922.txt,M62,M60;M61
22438-Layang gantung_20190512-120922.txt,M63,M60;M61
22438-Layang gantung_20190512-120922.txt,M68,M66
22438-Layang gantung_20190512-120922.txt,M70,M66
22438-Layang gantung_20190512-120922.txt,M71,M66
22438-Layang gantung_20190512-120922.txt,M73,M66
22438-Layang gantung_20190512-120922.txt,M78,M77
22438-Layang gantung_20190512-120922.txt,M82,M81
22438-Layang gantung_20190512-120922.txt,M83,M81
119395-Azai Nagamasa_20210620-135452.txt,M156,
119395-Azai Nagamasa_20210620-135452.txt,M3,M1
119395-Azai Nagamasa_20210620-135452.txt,M7,M1;M6
119395-Azai Nagamasa_20210620-135452.txt,M11,M8
119395-Azai Nagamasa_20210620-135452.txt,M13,M8
119395-Azai Nagamasa_20210620-135452.txt,M18,M8
119395-Azai Nagamasa_20210620-135452.txt,M25,M23
119395-Azai Nagamasa_20210620-135452.txt,M26,M23
119395-Azai Nagamasa_20210620-135452.txt,M27,M23
119395-Azai Nagamasa_20210620-135452.txt,M29,M23
119395-Azai Nagamasa_20210620-135452.txt,M30,M23
119395-Azai Nagamasa_20210620-135452.txt,M37,M33
119395-Azai Nagamasa_20210620-135452.txt,M39,M38
119395-Azai Nagamasa_20210620-135452.txt,M41,M38
119395-Azai Nagamasa_20210620-135452.txt,M45,M42
119395-Azai Nagamasa_20210620-135452.txt,M64,M63
119395-Azai Nagamasa_20210620-135452.txt,M68,M66;M67
119395-Azai Nagamasa_20210620-135452.txt,M70,M69
119395-Azai Nagamasa_20210620-135452.txt,M76,M71
119395-Azai Nagamasa_20210620-135452.txt,M81,M71
119395-Azai Nagamasa_20210620-135452.txt,M82,M71
119395-Azai Nagamasa_20210620-135452.txt,M90,M89
119395-Azai Nagamasa_20210620-135452.txt,M94,M89
119395-Azai Nagamasa_20210620-135452.txt,M95,M89
119395-Azai Nagamasa_20210620-135452.txt,M101,M100
119395-Azai Nagamasa_20210620-135452.txt,M116,M115
119395-Azai Nagamasa_20210620-135452.txt,M117,M115
119395-Azai Nagamasa_20210620-135452.txt,M122,M121
119395-Azai Nagamasa_20210620-135452.txt,M139,M136
119395-Azai Nagamasa_20210620-135452.txt,M142,M134
119395-Azai Nagamasa_20210620-135452.txt,M148,M145
119395-Azai Nagamasa_20210620-135452.txt,M149,M145
119395-Azai Nagamasa_20210620-135452.txt,M151,M145
119395-Azai Nagamasa_20210620-135452.txt,M152,M145
1642623-Muhammad Jujur_20210621-105056.txt,M3,M1
1642623-Muhammad Jujur_20210621-105056.txt,M5,M1
1642623-Muhammad Jujur_20210621-105056.txt,M8,M1
1642623-Muhammad Jujur_20210621-105056.txt,M10,M1
1642623-Muhammad Jujur_20210621-105056.txt,M11,M1
1642623-Muhammad Jujur_20210621-105056.txt,M17,M12
1642623-Muhammad Jujur_20210621-105056.txt,M20,M19
1642623-Muhammad Jujur_20210621-105056.txt,M21,M12
1642623-Muhammad Jujur_20210621-105056.txt,M23,M22
1642623-Muhammad Jujur_20210621-105056.txt,M24,M22
1642623-Muhammad Jujur_20210621-105056.txt,M29,M22
1642623-Muhammad Jujur_20210621-105056.txt,M30,M22
1642623-Muhammad Jujur_20210621-105056.txt,M34,M33
1642623-Muhammad Jujur_20210621-105056.txt,M35,M33
1642623-Muhammad Jujur_20210621-105056.txt,M36,M33
1642623-Muhammad Jujur_20210621-105056.txt,M37,M33
1642623-Muhammad Jujur_20210621-105056.txt,M38,M33
1642623-Muhammad Jujur_20210621-105056.txt,M39,M33
1642623-Muhammad Jujur_20210621-105056.txt,M40,M33
1642623-Muhammad Jujur_20210621-105056.txt,M41,M33
1642623-Muhammad Jujur_20210621-105056.txt,M42,M33
1642623-Muhammad Jujur_20210621-105056.txt,M43,M44
1642623-Muhammad Jujur_20210621-105056.txt,M45,M33
1642623-Muhammad Jujur_20210621-105056.txt,M46,M33
1642623-Muhammad Jujur_20210621-105056.txt,M50,M47
1642623-Muhammad Jujur_20210621-105056.txt,M53,M47
1642623-Muhammad Jujur_20210621-105056.txt,M59,M47
1642623-Muhammad Jujur_20210621-105056.txt,M62,M47
1642623-Muhammad Jujur_20210621-105056.txt,M69,M68
1642623-Muhammad Jujur_20210621-105056.txt,M70,M47
1642623-Muhammad Jujur_20210621-105056.txt,M71,M47
1642623-Muhammad Jujur_20210621-105056.txt,M73,M72
1642623-Muhammad Jujur_20210621-105056.txt,M74,M75
1642623-Muhammad Jujur_20210621-105056.txt,M76,M75
1642623-Muhammad Jujur_20210621-105056.txt,M77,M75
1642623-Muhammad Jujur_20210621-105056.txt,M78,M75
1642623-Muhammad Jujur_20210621-105056.txt,M79,M75
1642623-Muhammad Jujur_20210621-105056.txt,M80,M72
2354655-Adelheid_20210621-121022.txt,M9,M7
2354655-Adelheid_20210621-121022.txt,M11,M7
2354655-Adelheid_20210621-121022.txt,M13,M12
2354655-Adelheid_20210621-121022.txt,M17,M12
2354655-Adelheid_20210621-121022.txt,M18,M12
2354655-Adelheid_20210621-121022.txt,M25,M12
2354655-Adelheid_20210621-121022.txt,M31,M12;M29
2354655-Adelheid_20210621-121022.txt,M33,M12
2354655-Adelheid_20210621-121022.txt,M35,M29
2354655-Adelheid_20210621-121022.txt,M38,M37
2354655-Adelheid_20210621-121022.txt,M39,M12
2354655-Adelheid_20210621-121022.txt,M40,M37
2354655-Adelheid_20210621-121022.txt,M43,M12
2354655-Adelheid_20210621-121022.txt,M44,M12
2354655-Adelheid_20210621-121022.txt,M48,M45
2354655-Adelheid_20210621-121022.txt,M49,M45
2354655-Adelheid_20210621-121022.txt,M50,M45
2354655-Adelheid_20210621-121022.txt,M52,M45
2354655-Adelheid_20210621-121022.txt,M57,M45;M54
2354655-Adelheid_20210621-121022.txt,M66,M67
2354655-Adelheid_20210621-121022.txt,M69,M68
2354655-Adelheid_20210621-121022.txt,M71,M68
2354655-Adelheid_20210621-121022.txt,M70,M68
2354655-Adelheid_20210621-121022.txt,M74,M67;M68
2354655-Adelheid_20210621-121022.txt,M76,M75
2354655-Adelheid_20210621-121022.txt,M79,M78
2354655-Adelheid_20210621-121022.txt,M80,M78
2354655-Adelheid_20210621-121022.txt,M83,M82
2354655-Adelheid_20210621-121022.txt,M86,M81;M82
2354655-Adelheid_20210621-121022.txt,M91,M90
2354655-Adelheid_20210621-121022.txt,M94,M82
2354655-Adelheid_20210621-121022.txt,M97,M90
2354655-Adelheid_20210621-121022.txt,M99,M90
2354655-Adelheid_20210621-121022.txt,M108,M107
2354655-Adelheid_20210621-121022.txt,M111,M110
2354655-Adelheid_20210621-121022.txt,M116,M114
2354655-Adelheid_20210621-121022.txt,M119,M113
2354655-Adelheid_20210621-121022.txt,M120,M113
2354655-Adelheid_20210621-121022.txt,M122,M113
2354655-Adelheid_20210621-121022.txt,M125,M113
2354655-Adelheid_20210621-121022.txt,M126,M113
2354655-Adelheid_20210621-121022.txt,M127,M113
2354655-Adelheid_20210621-121022.txt,M128,M113
2354655-Adelheid_20210621-121022.txt,M129,M113
2354655-Adelheid_20210621-121022.txt,M130,M113
2354655-Adelheid_20210621-121022.txt,M131,M113
2354655-Adelheid_20210621-121022.txt,M132,M113
